A Cappella Society Exec, wacasociety@gmail.com
Accounting Society Exec, warwickaccounting@gmail.com
Africa Summit Society Exec, africasummit@warwick.ac.uk
African & Caribbean Society Exec, su225@sunion.warwick.ac.uk
Ahlulbayt Islamic Society Exec, warwickabsoc@gmail.com
Aiesec Society Exec, warwick@aiesec.co.uk
Allotment Society Exec, greens@warwicksu.com
Amnesty Society Exec, amnestywarwick@gmail.com
Animal Lovers Society Exec, Animalloverssoc@gmail.com
Anime And Manga Society Exec, warwickanimesoc@gmail.com
Arabic Society Exec, su278@warwicksu.com
Argentine Tango Society Exec, su486@warwicksu.com
Art Soc Society Exec, SU560@warwicksu.com
Asian Society Exec, officialwarwickasiansociety@gmail.com
Astronomy Society Exec, astronomy@warwicksu.com
Bame Creatives Society Exec, bamecreativesexec@gmail.com
Band Society Exec, su260@sunion.warwick.ac.uk
Belly Dance Society Exec, su422@warwicksu.com
Bft Film Productions Society Exec, su755@warwicksu.com
Big Band Society Exec, exec@thebigband.co.uk
Biosoc Society Exec, warwickbiosoc@gmail.com
Brass Society Exec, president@brasssoc.com
Bridge Society Exec, AJ.Fong@warwick.ac.uk
Bulgarian Society Exec, bulgarian.society.warwick@gmail.com
Cantonese Society Exec, warwickcantonesesociety@gmail.com
Caribbean Culture Society Exec, ccswarwick@gmail.com
Cathsoc Society Exec, cath.soc@warwicksu.com
Cheese And Chocolate Society Exec, cheeseandchocolate@outlook.com
Chemsoc Society Exec, president@warwickchemsoc.co.uk
Chess Society Exec, su276@warwicksu.com
China Development Society Exec, contact@warwickcds.com
Chinese Orchestra Society Exec, warwickcos@126.com
Chinese Society Exec, warwickchinesesoc@outlook.com
Christian Focus Society Exec, christianfocus@warwicksu.com
Christian Union Society Exec, secretary@warwickcu.org
Classics Society Exec, classics.society@warwicksu.com
Climate Reality Society Exec, crcc.warwick@gmail.com
Cobalt Society Exec, cobalt.warwick@gmail.com
Codpiece Theatre Society Exec, su166@sunion.warwick.ac.uk
Comedy Society Exec, warwickcomedy@gmail.com
Comic Book Society Exec, su415@warwicksu.com
Computing Society Exec, exec@uwcs.co.uk
Craft Society Exec, warwickcraftsoc@gmail.com
Cyphr: Street Dance Society Exec, warwickunibreakdance@gmail.com
Cypriot And Hellenic Society Exec, cypriot.society@warwicksu.com
Darts Society Exec, uowdarts@gmail.con
Discourse Society Exec, r.lee.7@warwick.ac.uk
Dota Society Exec, p.rollins@warwick.ac.uk
Drama Collective Society Exec, su444@warwicksu.com
Drumming Society Exec, su461@sunion.warwick.ac.uk
Duke Of Edinburgh'S Award Society Exec, dofewarwick@gmail.com
East African Society Exec, eastafricansocietywarwick@gmail.com
Economics Society Exec, contact@warwickeconomicssociety.com
Economics Summit Society Exec, communicationsteam@warwickeconomicssummit.com
Effective Altruism Society Exec, su742@warwicksu.com
Enactus  Society Exec, enactuswarwick@gmail.com
Engineers Without Borders Uk Society Exec, su583@sunion.warwick.ac.uk
Esports Society Exec, uowesports@gmail.com
European Society Exec, su298@warwicksu.com
Fashion Society Exec, Warwickuni.fashion@gmail.com
Fetish Society Exec, mail@warwickfetsoc.com
Filipino Society Exec, warwickfilsoc@gmail.com
Film Studies Society Exec, su576@warwicksu.com
French Society Exec, frenchsocwarwick@gmail.com
French Speaking Society Exec, su525@sunion.warwick.ac.uk
Freshblood New Writing Society Exec, su247@sunion.warwick.ac.uk
Friends Of Palestine Society Exec, su317@warwicksu.com
Gaana Dance Society Exec, warwickgaanadancesoc@gmail.com
German Society Exec, german.society@warwicksu.com
German-Speaking Society Exec, warwickgssoc@gmail.com
Go Society Exec, su363@warwicksu.com
Good Food Society Exec, su458@warwicksu.com
Harry Potter And Quidditch Society Exec, su711@warwicksu.com
Hindu Society Exec, su244@warwicksu.com
Hip Hop Society Exec, warwickhiphop@gmail.com
Hip Hop Dance: Eqho Society Exec, eqhodance@googlemail.com
History Of Art Society Exec, su598@warwicksu.com
Histsoc Society Exec, warwickhistorysociety@gmail.com
Hungarian Society Exec, warwickhungariansociety@gmail.com
India Forum Society Exec, coordinator.warwickindiaforum@gmail.com
Indian Classical Dance Society Exec, warwickicd@outlook.com
Indian Society Exec, su233@sunion.warwick.ac.uk
International And European Law Society Exec, WarwickIELS@gmail.com
International Relations Society Exec, warwickir@outlook.com
Irish Society Exec, su503@sunion.warwick.ac.uk
Islamic Society Exec, warwickisoc@warwickisoc.com
Italian Society Exec, su192@warwicksu.com
Italian Speaking Society Exec, italianspeakingsociety@gmail.com
Japan Society Exec, warwickjapan@gmail.com
Jewish/Israeli Society Exec, jewishisraelisociety@gmail.com
Korean Society Exec, koreansocietywarwick@gmail.com
Krishna Consciousness Society Exec, warwick.ksoc@googlemail.com
Law Society Exec, warwicklawsociety@gmail.com
Law & Business Society Exec, su544@warwicksu.com
Lego Society Exec, su750@warwicksu.com
Lithuanian Society Exec, LTSOCATWARWICK@GMAIL.COM
Mafia Society Exec, su759@warwicksu.com
Malaysian Students Association Society Exec, warwickmsa@gmail.com
Matchday Society Exec, su720@warwicksu.com
Mauritian Society Exec, su240@sunion.warwick.ac.uk
Music Theatre Society Exec, musictheatrewarwick.exec@gmail.com
Nigerian Society Exec, warwicknigeriansociety@gmail.com
Nightline Society Exec, nightline@sunion.warwick.ac.uk
Nintendo Society Exec, nintendosoc@warwicksu.com
Nordic Society Exec, warwicknordics@gmail.com
North African Society Exec, warwicknorthafricansociety@gmail.com
Northern Society Exec, warwicknorthern@gmail.com
Offbeat Society Exec, warwickoffbeat@gmail.com
Opera Society Exec, operawarwick@warwicksu.com
Pantomime Society Exec, pantowarwick@gmail.com
Pensa Society Exec, pensawarwick@gmail.com
Persian Society Exec, su335@warwicksu.com
Philosophy & Literature Society Exec, su532@sunion.warwick.ac.uk
Philosophy Society Exec, WarwickPhilosophyExec@WarwickPhilosophy.org
Photosoc Society Exec, su296@warwicksu.com
Physics Society Exec, su198@warwicksu.com
Poker Society Exec, i.palyvos@warwick.ac.uk
Polish Society Exec, su348@sunion.warwick.ac.uk
Portuguese Speaking Society Exec, warwickportuguesespeakingsoc@gmail.com
Ppe Society Exec, societywarwickppe@gmail.com
Psychology Society Exec, su540@sunion.warwick.ac.uk
Public Speaking Society Exec, warwickpublicspeaking@gmail.com
Quiz Society Exec, su342@warwicksu.com
Rag Society Exec, rag@warwicksu.com
Raw Society Exec, office@radio.warwick.ac.uk
Real Ale Society Exec, president@warwickale.co.uk
Rethink Economics Society Exec, warwick@rethinkeconomics.org
Rock Soc Society Exec, su257@sunion.warwick.ac.uk
Romanian Speaking Society Exec, su580@warwicksu.com
Russian Speaking Society Exec, rssuniwarwick@gmail.com
Scottish Society Exec, warwickuniscottishsociety@gmail.com
Sexpression Society Exec, warwick@sexpression.org.uk
Shakespeare Society Exec, su481@sunion.warwick.ac.uk
Sikh Society Exec, warwick_sikh_soc@hotmail.co.uk
Singapore Society Exec, warwicksingsocexco@gmail.com
Sociology Society Exec, su288@warwicksu.com
Somali Society Exec, warwicksomalisociety@gmail.com
Spanish Speaking Society Exec, su556@sunion.warwick.ac.uk
Spanish Studies Society Exec, SU758@WarwickSU.com
Sri Lankan Society Exec, su245@sunion.warwick.ac.uk
Star Wars Society Exec, SU780@Warwicksu.com
Swiss Society Exec, warwickswisssociety@gmail.com
Symphony Orchestra Society Exec, uwso@warwicksu.com
Tabletop Games And Roleplaying Society Exec, su303@warwicksu.com
Tai Chi & Chigong Society Exec, b.sewell@warwick.ac.uk
Tamil Society Exec, warwicktamilsociety@outlook.com
Tech Crew Society Exec, exec@warwicktechcrew.co.uk
Tedx Society Exec, coordinators@tedxwarwick.com
Thai Society Exec, su250@warwicksu.com
The Black Women'S Project Society Exec, theblackwomensproject@gmail.com
The Boar Society Exec, communications@theboar.org
The Writing Society Exec, su507@warwicksu.com
Turkish Society Exec, warwickturkishsociety1920@gmail.com
Unicef On Campus Society Exec, su410@warwicksu.com
Vegan & Vegetarian Society Exec, warwickveggiesociety@gmail.com
Vocsoc Society Exec, su767@warwicksu.com
Abacus Society Exec, warwickabacus@gmail.com
Aerospace Society Exec, contact@warwickaerospace.co.uk
Airsoft Society Exec, su490@warwicksu.com
Anti-Racism Society Exec, warwickantiracism@gmail.com
Anti-Sexism Society Exec, warwickantisexismsociety@gmail.com
Asean Conference Society Exec, secretary.warwickasean@gmail.com
Asia Careers Society Exec, admin@warwickacs.co.uk
Bass Society Exec, warwickbass.society@gmail.com
Blackout Society Exec, warwickblackout@gmail.com
Buddhist Society Exec, joseph.alfon@warwick.ac.uk
Careers Society Exec, su200@warwicksu.com
Cocktail  Society Exec, info@warwickcocktailsociety.co.uk
Conservative Association Society Exec, membership@warwickconservatives.co.uk
Consulting Society Exec, info@warwickconsultingsociety.com
Debating Society Exec, su315@sunion.warwick.ac.uk
Emerging Markets Society Exec, info@warwickemergingmarkets.com
Enable Society Exec, warwickenable@gmail.com
Engineering Society Exec, enquiries@warwickengineers.co.uk
Entrepreneurs Society Exec, president@warwick-entrepreneurs.co.uk
' Fantasy ' Society Exec, su766@warwick.ac.uk
Finance Societies Society Exec, warwickfinancesocieties1@gmail.com
Folk Society Exec, su165b@warwicksu.com
Game Design Society Exec, exec@warwickgamedesign.co.uk
Ghanaian Society Exec, warwickghanasoc@gmail.com
Glee Society Exec, su652@warwicksu.com
Globalist Society Exec, warwickglobalisteditor@gmail.com
Gsd Society Exec, GSDSoc@gmail.com
Improvised Theatre Society Exec, witsexec@gmail.com
Inspire Society Exec, warwickinspire@gmail.com
International Development Society Exec, wids.exec@gmail.com
Kazakh Society Exec, wks@sunion.warwick.ac.uk
Labour Society Exec, labour.society@warwicksu.com
Language Society Exec, su666@warwicksu.com
Liberal Democrats Society Exec, warwicklibdems@gmail.com
Literature Society Exec, su190@sunion.warwick.ac.uk
Magic Society Exec, magicwarwick@gmail.com
Management Society Exec, warwickmanagement@gmail.com
Manufacturing Group Society Exec, su182@sunion.warwick.ac.uk
Marrow Society Exec, warwick@ukmarrow.org
Marxists Society Exec, warwickmarxists@gmail.com
Maths Society Exec, society@warwickmaths.org
Medical Society Exec, medsoc@warwicksu.com
Mind Aware Society Exec, warwickmindaware@gmail.com
North American Society Exec, warwicknorthamerican@gmail.com
Piano Society Exec, warwickpiano@gmail.com
Pole And Aerial Arts Society Exec, su419@warwicksu.com
Politics Society Exec, contact@warwickpolsoc.com
Pride Society Exec, hello@warwickpride.org
Pugwash Society Exec, su763@warwicksu.com
Punjabi Society Exec, warwickpunjabisoc@gmail.com
Risk Management Society Exec, contact@wrmsociety.com
Salsa Society Exec, su397@warwicksu.com
Seed Society Exec, leanna.lam@warwickseed.org
Star Society Exec, staratwarwick@gmail.com
Statistics Society Exec, resource@warwickstatisticssociety.co.uk
Student Cinema Society Exec, info@warwick.film
Sustainable Development Society Exec, sds.warwick@gmail.com
Taiwanese Society Exec, warwicktw@gmail.com
Tap Society Exec, su330@warwicksu.com
Think Tank Society Exec, warwickthinktanksoc@gmail.com
Trading Society Exec, armaan.singh-chadha@warwick.ac.uk
Un Society Exec, warwickunexec@gmail.com
Women In Engineering And Science Society Exec, warwickwes.official@gmail.com
Women’S Careers Society Exec, warwick.women.careers@gmail.com
First Aid  Society Exec, louisa.lovatt@sja.org.uk
Strings Society Exec, warwickstrings@outlook.com
Welsh Society Exec, Su251@warwicksu.com
Whkpass Society Exec, info@whkpass.org
Wind Orchestra Society Exec, wind-exec@windorchestra.co.uk
Women For Women International Society Exec, wfwi.warwick@gmail.com
Word Society Exec, warwickwordsociety@gmail.com
Wuds Society Exec, exec@wuds.co.uk
Yoga Society Exec, warwickuniversityyoga@gmail.com
